CcliNumber,Key,SheetType,DataType,Status,PageCount,PageNumber,Path
6016351,G,LeadSheet,File,Final,4,1,"Lead\10,000 Reasons (Bless The Lord) (G).pdf"
42964,C,LeadSheet,File,Final,1,16,Lead\A Mighty Fortress Is Our God (C).pdf
2672885,A,LeadSheet,File,Final,2,25,Lead\Above All (A).pdf
7008232,E,LeadSheet,File,Final,3,13,Lead\All Glory Be To Christ (E).pdf
120556,A,LeadSheet,File,Final,1,20,Lead\All Heaven Declares (A).pdf
5881130,A,LeadSheet,File,Final,4,5,Lead\All The Poor And Powerless (A).pdf
5869860,G,LeadSheet,File,Final,4,9,Lead\All To Us (G).pdf
22025,G,LeadSheet,File,Final,1,24,Lead\Amazing Grace (G).pdf
4768151,F,LeadSheet,File,Final,3,17,Lead\Amazing Grace (My Chains Are Gone) (F).pdf
2986399,E,LeadSheet,File,Final,3,21,Lead\Ancient Words (E).pdf
25280,G,LeadSheet,File,Final,2,27,Lead\And Can It Be (Amazing Love) (G).pdf
7124907,C,LeadSheet,File,Final,6,29,Lead\Another In The Fire (C).pdf
21105,G,LeadSheet,File,Final,1,64,Lead\Are You Washed In The Blood (G).pdf
1431,D,LeadSheet,File,Final,1,72,Lead\As The Deer (D).pdf
29499,D,LeadSheet,File,Final,1,80,Lead\At The Cross (D).pdf
7017786,G,LeadSheet,File,Final,5,37,Lead\At The Cross (Love Ran Red) (G).pdf
7054178,C,LeadSheet,File,Final,5,45,Lead\Be Enthroned (C).pdf
30639,D,LeadSheet,File,Final,1,84,Lead\Be Thou My Vision (D).pdf
3915912,D,LeadSheet,File,Final,3,42,Lead\Beautiful One (D).pdf
16880,G,LeadSheet,File,Final,2,35,Lead\Because He Lives (G).pdf
2306412,D,LeadSheet,File,Final,2,53,Lead\Before The Throne Of God Above (D).pdf
5937510,C,LeadSheet,File,Final,2,55,Lead\Behold Our God (C).pdf
1101763,G,LeadSheet,File,Final,1,88,Lead\Behold The Lord (G).pdf
1097451,E,LeadSheet,File,Final,3,50,Lead\Better Is One Day (E).pdf
22324,D,LeadSheet,File,Final,1,96,Lead\Blessed Assurance (D).pdf
3798438,B,LeadSheet,File,Final,2,57,Lead\Blessed Be Your Name (B).pdf
5910977,F,LeadSheet,File,Final,4,65,Lead\Break Every Chain (F).pdf
7019974,G,LeadSheet,File,Final,3,61,Lead\Broken Vessels (Amazing Grace) (G).pdf
7070345,G,LeadSheet,File,Final,2,59,Lead\Build My Life (G).pdf
6186078,D,LeadSheet,File,Final,3,69,Lead\Build Your Kingdom Here (D).pdf
4705190,C,LeadSheet,File,Final,3,77,Lead\Came To My Rescue (C).pdf
6514035,B,LeadSheet,File,Final,4,73,Lead\Christ Is Enough (B).pdf
27965,C,LeadSheet,File,Final,1,112,Lead\Christ The Lord Is Risen Today (C).pdf
7019316,C,LeadSheet,File,Final,3,81,Lead\Christ The Lord Is Risen Today (He Is Not Dead) (C).pdf
2430948,D,LeadSheet,File,Final,2,201,Lead\Come Now Is The Time To Worship (D).pdf
108389,D,LeadSheet,File,Final,1,120,Lead\Come Thou Fount (D).pdf
6158927,C,LeadSheet,File,Final,3,85,Lead\Cornerstone (C).pdf
6463818,D,LeadSheet,File,Final,4,89,Lead\Crown Him (Majesty) (D).pdf
23938,D,LeadSheet,File,Final,1,128,Lead\Crown Him With Many Crowns (D).pdf
1537904,A,LeadSheet,File,Final,3,93,Lead\Days Of Elijah (A).pdf
7046448,B,LeadSheet,File,Final,4,97,Lead\Death Was Arrested (B).pdf
7102440,C,LeadSheet,File,Final,3,109,Lead\Death Where Is Your Sting (C).pdf
7067555,A,LeadSheet,File,Final,4,101,Lead\Do It Again (A).pdf
7036288,G,LeadSheet,File,Final,4,105,Lead\Even So Come (G).pdf
7030065,D,LeadSheet,File,Final,3,117,Lead\Ever Be (D).pdf
4556538,A,LeadSheet,File,Final,3,125,Lead\Everlasting God (A).pdf
5869877,F,LeadSheet,File,Final,4,113,Lead\Faithful (F).pdf
3148428,A,LeadSheet,File,Final,2,203,Lead\Forever (A).pdf
7001228,A,LeadSheet,File,Final,3,141,Lead\Forever (We Sing Hallelujah) (A).pdf
7068806,B,LeadSheet,File,Final,4,121,Lead\Forgiven (B).pdf
4705176,C,LeadSheet,File,Final,3,149,Lead\From The Inside Out (C).pdf
7081388,D,LeadSheet,File,Final,3,153,Lead\Glorious Day (D).pdf
5638022,B,LeadSheet,File,Final,4,129,Lead\Glorious Day (Living He Loved Me) (B).pdf
5037070,C,LeadSheet,File,Final,4,133,Lead\God Of This City (C).pdf
3118757,G,LeadSheet,File,Final,4,137,Lead\God Of Wonders (G).pdf
7036612,A,LeadSheet,File,Final,3,157,Lead\Good Good Father (A).pdf
7091509,A,LeadSheet,File,Final,4,145,Lead\Gracefully Broken (A).pdf
6460220,A,LeadSheet,File,Final,2,210,Lead\Great Are You Lord (A).pdf
5881491,D,LeadSheet,File,Final,3,161,Lead\Great I Am (D).pdf
18723,D,LeadSheet,File,Final,2,233,Lead\Great Is Thy Faithfulness (Beginning To End) (C).pdf
7109317,C,LeadSheet,File,Final,3,165,Lead\Great Is Thy Faithfulness (D).pdf
7107551,D,LeadSheet,File,Final,5,205,Lead\Hallelujah For The Cross (D).pdf
6550556,A,LeadSheet,File,Final,3,169,Lead\Hallelujah For The Cross (Up To The Hill) (A).pdf
4026635,G,LeadSheet,File,Final,3,173,Lead\He Reigns (G).pdf
4873981,B,LeadSheet,File,Final,4,177,Lead\Healer (B).pdf
2296522,D,LeadSheet,File,Final,2,235,"Lead\Heart Of Worship, The (D).pdf"
7111925,C,LeadSheet,File,Final,3,181,Lead\Here Again (C).pdf
5925649,G,LeadSheet,File,Final,3,185,Lead\Here For You (G).pdf
3266032,E,LeadSheet,File,Final,2,257,Lead\Here I Am To Worship (E).pdf
3287884,G,LeadSheet,File,Final,3,189,Lead\Here Is Love (G).pdf
6129798,A,LeadSheet,File,Final,3,193,Lead\Holy (Wedding Day) (A).pdf
1156,D,LeadSheet,File,Final,1,184,Lead\Holy Holy Holy (D).pdf
21545,G,LeadSheet,File,Final,1,188,Lead\Hosanna (G).pdf
4785835,E,LeadSheet,File,Final,3,197,Lead\Hosanna (I See The King Of Glory) (E).pdf
4662491,G,LeadSheet,File,Final,4,213,Lead\Hosanna (Praise Is Rising) (G).pdf
1558110,D,LeadSheet,File,Final,1,192,Lead\How Deep The Father's Love For Us (D).pdf
107816,G,LeadSheet,File,Final,1,196,Lead\How Firm A Foundation (G).pdf
4348399,C,LeadSheet,File,Final,2,259,Lead\How Great Is Our God (C).pdf
14181,B,LeadSheet,File,Final,2,269,Lead\How Great Thou Art (B).pdf
2978857,D,LeadSheet,File,Final,4,217,Lead\I Can Only Imagine (D).pdf
31762,C,LeadSheet,File,Final,1,200,Lead\I Know Whom I Have Believed (C).pdf
5869884,B,LeadSheet,File,Final,4,221,Lead\I Lift My Hands (B).pdf
25297,G,LeadSheet,File,Final,1,212,Lead\I Stand Amazed (G).pdf
23914,A,LeadSheet,File,Final,2,271,Lead\I Stand In Awe (A).pdf
23189,D,LeadSheet,File,Final,1,228,Lead\I Surrender All (D).pdf
5806878,A,LeadSheet,File,Final,3,225,Lead\I Will Follow (A).pdf
5183450,B,LeadSheet,File,Final,4,237,Lead\I Will Rise (B).pdf
7074703,D,LeadSheet,File,Final,3,229,Lead\I Will Sing Of My Redeemer (D).pdf
2328610,F,LeadSheet,File,Final,2,285,Lead\I Will Sing The Wondrous Story (F).pdf
26399,G,LeadSheet,File,Final,1,244,Lead\In Christ Alone (D).pdf
3350395,D,LeadSheet,File,Final,2,287,Lead\Indescribable (G).pdf
4403076,G,LeadSheet,File,Final,3,241,Lead\It Is Well (Grander Earth) (G).pdf
7021972,G,LeadSheet,File,Final,3,245,Lead\It Is Well With My Soul (C).pdf
25376,C,LeadSheet,File,Final,1,232,Lead\I'll Fly Away (G).pdf
148576,G,LeadSheet,File,Final,2,305,Lead\Jesus I Am Resting (G).pdf
7121850,C,LeadSheet,File,Final,3,249,Lead\Jesus Is Alive (C).pdf
5183443,B,LeadSheet,File,Final,3,253,Lead\Jesus Messiah (B).pdf
22331,C,LeadSheet,File,Final,1,248,Lead\Jesus Paid It All (C).pdf
6223539,B,LeadSheet,File,Final,4,261,Lead\Jesus Son Of God (B).pdf
23206,C,LeadSheet,File,Final,1,252,Lead\Just As I Am (C).pdf
5635850,A,LeadSheet,File,Final,2,307,Lead\Just As I Am (I Come Broken) (A).pdf
7127647,D,LeadSheet,File,Final,3,265,Lead\King Of Kings (D).pdf
7046145,A,LeadSheet,File,Final,4,273,Lead\King Of My Heart (A).pdf
1045238,C,LeadSheet,File,Final,2,317,Lead\Knowing You (C).pdf
16787,C,LeadSheet,File,Final,2,319,Lead\Lamb Of God (C).pdf
6223577,C,LeadSheet,File,Final,4,289,Lead\Lay Me Down (C).pdf
4785828,D,LeadSheet,File,Final,3,277,Lead\Lead Me To The Cross (D).pdf
33935,F,LeadSheet,File,Final,1,268,Lead\Like A River Glorious (F).pdf
7038281,B,LeadSheet,File,Final,3,281,"Lead\Lion And The Lamb, The (B).pdf"
7106807,D,LeadSheet,File,Final,4,293,Lead\Living Hope (D).pdf
117947,G,LeadSheet,File,Final,1,280,Lead\Lord I Lift Your Name On High (C).pdf
5925687,B,LeadSheet,File,Final,4,297,Lead\Lord I Need You (B).pdf
7063694,A,LeadSheet,File,Final,4,301,"Lead\Lord Is My Salvation, The (A).pdf"
6518055,C,LeadSheet,File,Final,2,337,"Lead\Lord Our God, The (C).pdf"
18448,D,LeadSheet,File,Final,2,339,"Lead\Love Of God, The (D).pdf"
1527,A,LeadSheet,File,Final,2,353,Lead\Majesty (A).pdf
4219071,A,LeadSheet,File,Final,2,355,Lead\Majesty (Here I Am) (A).pdf
6476063,F,LeadSheet,File,Final,3,309,Lead\Man Of Sorrows (F).pdf
7000689,C,LeadSheet,File,Final,3,313,Lead\Mercy (C).pdf
4591782,A,LeadSheet,File,Final,4,321,Lead\Mighty To Save (A).pdf
24133,G,LeadSheet,File,Final,2,373,Lead\Mine Eyes Have Seen The Glory (Battle Hymn) (G).pdf
6428853,D,LeadSheet,File,Final,4,325,Lead\Mountain (D).pdf
7065990,B,LeadSheet,File,Final,3,329,Lead\Mountain (You're Wonderful) (B).pdf
7002032,C,LeadSheet,File,Final,3,333,Lead\My Lighthouse (C).pdf
2397964,E,LeadSheet,File,Final,2,375,Lead\My Redeemer Lives (E).pdf
78835,F,LeadSheet,File,Final,2,377,Lead\Nearer My God To Thee (F).pdf
7102397,A,LeadSheet,File,Final,4,341,Lead\New Wine (A).pdf
7030123,A,LeadSheet,File,Final,3,345,Lead\No Longer Slaves (A).pdf
4611992,D,LeadSheet,File,Final,2,379,Lead\O Church Arise (D).pdf
7051511,B,LeadSheet,File,Final,4,357,Lead\O Come To The Altar (B).pdf
7037787,C,LeadSheet,File,Final,3,349,Lead\O Praise The Name (C).pdf
137178,Em,LeadSheet,File,Final,2,381,Lead\O The Deep Deep Love Of Jesus (Em).pdf
6428767,D,LeadSheet,File,Final,4,361,Lead\Oceans (D).pdf
7044259,D,LeadSheet,File,Final,3,365,Lead\Oh What Love (D).pdf
1564362,D,LeadSheet,File,Final,2,383,Lead\Once Again (D).pdf
5508444,G,LeadSheet,File,Final,3,369,Lead\One Thing Remains (Your Love Never Fails) (G).pdf
47017,F,LeadSheet,File,Final,2,409,Lead\Onward Christian Soldiers (F).pdf
2298355,E,LeadSheet,File,Final,2,411,Lead\Open The Eyes Of My Heart (E).pdf
5677416,B,LeadSheet,File,Final,5,385,Lead\Our God (B).pdf
4490766,A,LeadSheet,File,Final,2,417,"Lead\Power Of The Cross, The (A).pdf"
917491,A,LeadSheet,File,Final,2,419,"Lead\Power Of Your Love, The (A).pdf"
4543620,F,LeadSheet,File,Final,4,393,Lead\Praise You In This Storm (F).pdf
7089641,F,LeadSheet,File,Final,4,397,Lead\Reckless Love (F).pdf
7051507,C,LeadSheet,File,Final,3,390,Lead\Resurrecting (C).pdf
4447960,D,LeadSheet,File,Final,3,401,Lead\Revelation Song (D).pdf
5875153,E,LeadSheet,File,Final,3,405,Lead\Rooftops (E).pdf
6428750,C,LeadSheet,File,Final,2,426,Lead\Scandal Of Grace (C).pdf
1352,C,LeadSheet,File,Final,1,404,Lead\Seek Ye First (C).pdf
1406918,A,LeadSheet,File,Final,2,437,Lead\Shout To The Lord (A).pdf
7084123,A,LeadSheet,File,Final,5,421,Lead\So Will I (100 Billion X) (A).pdf
25417,F,LeadSheet,File,Final,1,408,"Lead\Solid Rock, The (F).pdf"
4705248,A,LeadSheet,File,Final,2,439,"Lead\Stand, The (A).pdf"
3940963,C,LeadSheet,File,Final,2,446,Lead\Still (C).pdf
5060810,C,LeadSheet,File,Final,3,413,Lead\Stronger (C).pdf
4514635,B,LeadSheet,File,Final,4,429,Lead\Sweetly Broken (B).pdf
1390,F,LeadSheet,File,Final,1,416,Lead\Take My Life And Let It Be (F).pdf
27707,A,LeadSheet,File,Final,2,449,Lead\There Is A Fountain (A).pdf
11483,D,LeadSheet,File,Final,1,428,Lead\There Is A Redeemer (D).pdf
6333821,G,LeadSheet,File,Final,5,441,Lead\This Is Amazing Grace (G).pdf
6167640,D,LeadSheet,File,Final,4,433,Lead\This Is My Father's World (D).pdf
22609,G,LeadSheet,File,Final,1,448,Lead\Tis So Sweet To Trust In Jesus (G).pdf
23426,G,LeadSheet,File,Final,2,451,Lead\To God Be The Glory (G).pdf
7065049,C,LeadSheet,File,Final,2,485,Lead\Tremble (C).pdf
22094,F,LeadSheet,File,Final,1,472,Lead\Trust And Obey (F).pdf
6454621,C,LeadSheet,File,Final,5,453,Lead\Victor's Crown (C).pdf
1259,G,LeadSheet,File,Final,2,487,Lead\Victory In Jesus (G).pdf
7115744,E,LeadSheet,File,Final,4,461,Lead\Way Maker (E).pdf
6367165,D,LeadSheet,File,Final,4,465,Lead\We Believe (D).pdf
7068424,D,LeadSheet,File,Final,3,458,Lead\What A Beautiful Name (D).pdf
27714,F,LeadSheet,File,Final,1,480,Lead\What A Friend We Have In Jesus (F).pdf
27893,F,LeadSheet,File,Final,1,484,Lead\When I Survey The Wondrous Cross (F).pdf
31315,G,LeadSheet,File,Final,1,496,Lead\When The Roll Is Called Up Yonder (G).pdf
4196651,B,LeadSheet,File,Final,4,473,Lead\Who Am I (B).pdf
7102401,A,LeadSheet,File,Final,3,469,Lead\Who You Say I Am (A).pdf
6440288,C,LeadSheet,File,Final,3,477,Lead\Whom Shall I Fear (God Of Angel Armies) (C).pdf
3148435,D,LeadSheet,File,Final,2,505,"Lead\Wonderful Cross, The (D).pdf"
106879,C,LeadSheet,File,Final,2,507,Lead\Wonderful Merciful Savior (C).pdf
7121852,C,LeadSheet,File,Final,2,509,Lead\Yet Not I But Through Christ In Me (C).pdf
4243463,A,LeadSheet,File,Final,3,481,Lead\You Are God Alone (Not A God) (A).pdf
2332149,G,LeadSheet,File,Final,4,489,Lead\You Are Holy (Prince Of Peace) (G).pdf
825356,F,LeadSheet,File,Final,1,515,Lead\You Are My All In All (F).pdf
2456623,E,LeadSheet,File,Final,2,511,Lead\You Are My King (Amazing Love) (E).pdf
4477026,G,LeadSheet,File,Final,3,493,Lead\Your Grace Is Enough (G).pdf
5393329,C,LeadSheet,File,Final,4,497,Lead\Your Great Name (C).pdf
5337172,A,LeadSheet,File,Final,4,501,Lead\Your Love Never Fails (A).pdf
6214751,D,LeadSheet,File,Final,2,513,Lead\Your Presence Is Heaven (D).pdf
