Name,Index,PageCount,PageNumber
"10,000 Reasons (Bless The Lord)",1,4,1
All Glory Be To Christ,4,3,1
All Heaven Declares,5,1,4
All The Poor And Powerless,6,4,8
All To Us,7,4,12
Amazing Grace,8,1,16
Amazing Grace (My Chains Are Gone),9,3,17
Ancient Words,10,3,20
And Can It Be (Amazing Love),11,2,24
Another In The Fire,12,6,28
Are You Washed In The Blood,13,1,46
As The Deer,14,1,35
At The Cross,15,1,36
At The Cross (Love Ran Red),16,5,40
Are You Washed In The Blood,13,1,46
Are You Washed In The Blood,13,1,46
Beautiful One,19,3,2
Because He Lives,20,2,6
Before The Throne Of God Above,21,2,8
Behold Our God,22,2,10
Behold The Lord,23,1,12
Better Is One Day,24,3,14
Blessed Assurance,25,1,17
Blessed Be Your Name,26,2,18
Break Every Chain,27,4,42
Broken Vessels (Amazing Grace),28,3,38
Build My Life,29,2,30
Build Your Kingdom Here,30,3,34
Broken Vessels (Amazing Grace),28,3,38
Break Every Chain,27,4,42
Christ The Lord Is Risen Today,33,1,1
Christ The Lord Is Risen Today (He Is Not Dead),34,3,3
Come Now Is The Time To Worship,35,2,7
Come Thou Fount,36,1,23
Cornerstone,37,3,20
Crown Him (Majesty),38,4,15
Crown Him With Many Crowns,39,1,19
Cornerstone,37,3,20
Come Thou Fount,36,1,23
Death Where Is Your Sting,42,3,1
Do It Again,43,4,5
Death Was Arrested,41,4,9
Days Of Elijah,40,3,13
Everlasting God,46,3,1
Ever Be,45,3,5
Even So Come,44,4,9
Forever (We Sing Hallelujah),49,3,1
Forgiven,50,4,4
From The Inside Out,51,3,8
Forever,48,2,14
Forever,48,2,14
God Of This City,54,4,1
God Of Wonders,55,4,5
Good Good Father,56,3,9
Gracefully Broken,57,4,13
Great Are You Lord,58,2,35
Great I Am,59,3,21
Great Is Thy Faithfulness,60,2,25
Great Is Thy Faithfulness (Beginning To End),61,3,29
Great Are You Lord,58,2,35
Great Are You Lord,58,2,35
He Reigns,64,3,1
Healer,65,4,4
"Heart Of Worship, The",66,2,8
Here Again,67,3,12
Here For You,68,3,16
Here I Am To Worship,69,2,20
Here Is Love,70,3,24
Holy (Wedding Day),71,3,28
Holy Holy Holy,72,1,31
Hosanna,73,1,32
Hosanna (I See The King Of Glory),74,3,33
Hosanna (Praise Is Rising),75,4,36
How Deep The Father's Love For Us,76,1,40
How Firm A Foundation,77,1,48
How Great Is Our God,78,2,46
How Great Thou Art,79,2,44
How Great Is Our God,78,2,46
How Firm A Foundation,77,1,48
I Lift My Hands,82,4,4
I Stand Amazed (My Savior's Love),83,1,8
I Stand In Awe,84,2,9
I Surrender All,85,1,11
I Will Follow,86,3,12
I Will Rise,87,4,16
I Will Sing Of My Redeemer,88,3,20
I Will Sing The Wondrous Story,89,2,24
I'll Fly Away,90,1,26
In Christ Alone,91,2,42
Indescribable,92,3,32
It Is Well (Grander Earth),93,3,36
It Is Well With My Soul,94,1,39
In Christ Alone,91,2,42
In Christ Alone,91,2,42
Jesus Messiah,97,3,1
Jesus Paid It All,98,1,4
Jesus Son Of God,99,4,5
Just As I Am,100,1,15
Just As I Am (I Come Broken),101,2,13
Just As I Am (I Come Broken),101,2,13
Just As I Am,100,1,15
Knowing You (All I Once Held Dear),104,2,1
King Of My Heart,103,4,5
King Of Kings,102,3,9
Lead Me To The Cross (Quiet I Come),107,3,1
Like A River Glorious,108,1,4
"Lion And The Lamb, The",109,3,5
Living Hope,110,4,9
Lord I Lift Your Name On High,111,1,13
Lord I Need You,112,4,17
"Lord Is My Salvation, The",113,4,21
"Lord Our God, The",114,2,25
"Love Of God, The",115,2,31
"Love Of God, The",115,2,31
"Love Of God, The",115,2,31
Man Of Sorrows,118,3,1
Mercy,119,3,4
Mighty To Save,120,4,8
Mine Eyes Have Seen The Glory (Battle Hymn),121,2,12
Mountain,122,4,36
Mountain (You're Wonderful),123,3,20
My Lighthouse,124,3,24
My Redeemer Lives,125,2,28
Mountain,122,4,36
Mountain,122,4,36
No Longer Slaves,128,3,1
New Wine,127,4,5
Nearer My God To Thee,126,2,9
O Praise The Name,131,3,2
O The Deep Deep Love Of Jesus,132,2,6
Oceans (Where Feet May Fail),133,4,10
Oh What Love,134,3,14
Once Again,135,2,18
One Thing Remains (Your Love Never Fails),136,3,22
Onward Christian Soldiers,137,2,26
Open The Eyes Of My Heart,138,2,28
Our God (Water You Turned Into Wine),139,5,46
Our God (Water You Turned Into Wine),139,5,46
Our God (Water You Turned Into Wine),139,5,46
Praise You In This Storm,142,4,2
"Power Of Your Love, The",141,2,6
"Power Of The Cross, The",140,2,8
Revelation Song,145,3,3
Rooftops,146,3,7
Resurrecting,144,3,11
Reckless Love,143,4,15
Shout To The Lord,149,2,2
So Will I (100 Billion X),150,5,6
"Solid Rock, The",151,1,11
"Stand, The",152,2,28
Still (Hide Me Now),153,2,26
Stronger,154,3,18
Sweetly Broken,155,4,22
Still (Hide Me Now),153,2,26
"Stand, The",152,2,28
There Is A Redeemer,158,1,1
This Is Amazing Grace,159,5,3
This Is My Father's World,160,4,11
Tis So Sweet To Trust In Jesus,161,1,25
To God Be The Glory,162,2,23
Tremble,163,2,19
Trust And Obey,164,1,21
To God Be The Glory,162,2,23
Tis So Sweet To Trust In Jesus,161,1,25
Victory In Jesus (I Heard An Old Old Story),166,2,1
Victor's Crown,165,5,3
What A Beautiful Name,169,3,1
What A Friend We Have In Jesus,170,1,4
When I Survey The Wondrous Cross,171,1,5
When The Roll Is Called Up Yonder,172,1,6
Who Am I,173,4,9
Who You Say I Am,174,3,13
Whom Shall I Fear (God Of Angel Armies),175,3,17
"Wonderful Cross, The",176,2,21
Wonderful Merciful Savior,177,2,27
Wonderful Merciful Savior,177,2,27
Wonderful Merciful Savior,177,2,27
You Are Holy (Prince Of Piece),180,4,4
You Are My All In All,181,1,8
You Are My King (Amazing Love),182,2,9
Your Grace Is Enough,183,3,32
Your Great Name,184,4,28
Your Love Never Fails,185,4,20
Your Presence Is Heaven,186,2,24
Your Great Name,184,4,28
Your Grace Is Enough,183,3,32
