Book,CcliSongNumber,FileName,SongName,SheetType,Key,PageCount,Index
CCWS_LS_1E,6016351,"10,000 Reasons (Bless The Lord) (G).pdf","10,000 Reasons (Bless The Lord)",Lead Sheet,G,4,1
CCWS_LS_1E,42964,A Mighty Fortress Is Our God (C).pdf,A Mighty Fortress Is Our God,Lead Sheet,C,1,2
CCWS_LS_1E,2672885,Above All (A).pdf,Above All,Lead Sheet,A,2,3
CCWS_LS_1E,7008232,All Glory Be To Christ (E).pdf,All Glory Be To Christ,Lead Sheet,E,3,4
CCWS_LS_1E,120556,All Heaven Declares (A).pdf,All Heaven Declares,Lead Sheet,A,1,5
CCWS_LS_1E,5881130,All The Poor And Powerless (A).pdf,All The Poor And Powerless,Lead Sheet,A,4,6
CCWS_LS_1E,5869860,All To Us (G).pdf,All To Us,Lead Sheet,G,4,7
CCWS_LS_1E,22025,Amazing Grace (G).pdf,Amazing Grace,Lead Sheet,G,1,8
CCWS_LS_1E,4768151,Amazing Grace (My Chains Are Gone) (F).pdf,Amazing Grace (My Chains Are Gone),Lead Sheet,F,3,9
CCWS_LS_1E,2986399,Ancient Words (E).pdf,Ancient Words,Lead Sheet,E,3,10
CCWS_LS_1E,25280,And Can It Be (G).pdf,And Can It Be (Amazing Love),Lead Sheet,G,2,11
CCWS_LS_1E,7124907,Another In The Fire (C).pdf,Another In The Fire,Lead Sheet,C,6,12
CCWS_LS_1E,21105,Are You Washed In The Blood (G).pdf,Are You Washed In The Blood,Lead Sheet,G,1,13
CCWS_LS_1E,1431,As The Deer (D).pdf,As The Deer,Lead Sheet,D,1,14
CCWS_LS_1E,29499,At The Cross (D).pdf,At The Cross,Lead Sheet,D,1,15
CCWS_LS_1E,7017786,At The Cross (Love Ran Red) (G).pdf,At The Cross (Love Ran Red),Lead Sheet,G,5,16
CCWS_LS_1E,7054178,Be Enthroned (C).pdf,Be Enthroned,Lead Sheet,C,5,17
CCWS_LS_1E,30639,Be Thou My Vision (D).pdf,Be Thou My Vision,Lead Sheet,D,1,18
CCWS_LS_1E,3915912,Beautiful One (D).pdf,Beautiful One,Lead Sheet,D,3,19
CCWS_LS_1E,16880,Because He Lives (G).pdf,Because He Lives,Lead Sheet,G,2,20
CCWS_LS_1E,2306412,Before The Throne Of God Above (D).pdf,Before The Throne Of God Above,Lead Sheet,D,2,21
CCWS_LS_1E,5937510,Behold Our God (C).pdf,Behold Our God,Lead Sheet,C,2,22
CCWS_LS_1E,1101763,Behold The Lord (G).pdf,Behold The Lord,Lead Sheet,G,1,23
CCWS_LS_1E,1097451,Better Is One Day (E).pdf,Better Is One Day,Lead Sheet,E,3,24
CCWS_LS_1E,22324,Blessed Assurance (D).pdf,Blessed Assurance,Lead Sheet,D,1,25
CCWS_LS_1E,3798438,Blessed Be Your Name (B).pdf,Blessed Be Your Name,Lead Sheet,B,2,26
CCWS_LS_1E,5910977,Break Every Chain (F).pdf,Break Every Chain,Lead Sheet,F,4,27
CCWS_LS_1E,7019974,Broken Vessels (Amazing Grace) (G).pdf,Broken Vessels (Amazing Grace),Lead Sheet,G,3,28
CCWS_LS_1E,7070345,Build My Life (G).pdf,Build My Life,Lead Sheet,G,2,29
CCWS_LS_1E,6186078,Build Your Kingdom Here (D).pdf,Build Your Kingdom Here,Lead Sheet,D,3,30
CCWS_LS_1E,4705190,Came To My Rescue (C).pdf,Came To My Rescue,Lead Sheet,C,3,31
CCWS_LS_1E,6514035,Christ Is Enough (B).pdf,Christ Is Enough,Lead Sheet,B,4,32
CCWS_LS_1E,27965,Christ The Lord Is Risen Today (C).pdf,Christ The Lord Is Risen Today,Lead Sheet,C,1,33
CCWS_LS_1E,7019316,Christ The Lord Is Risen Today (He Is Not Dead) (C).pdf,Christ The Lord Is Risen Today (He Is Not Dead),Lead Sheet,C,3,34
CCWS_LS_1E,2430948,Come Now Is The Time To Worship (D).pdf,Come Now Is The Time To Worship,Lead Sheet,D,2,35
CCWS_LS_1E,108389,Come Thou Fount (D).pdf,Come Thou Fount,Lead Sheet,D,1,36
CCWS_LS_1E,6158927,Cornerstone (C).pdf,Cornerstone,Lead Sheet,C,3,37
CCWS_LS_1E,6463818,Crown Him (Majesty) (D).pdf,Crown Him (Majesty),Lead Sheet,D,4,38
CCWS_LS_1E,23938,Crown Him With Many Crowns (D).pdf,Crown Him With Many Crowns,Lead Sheet,D,1,39
CCWS_LS_1E,1537904,Days Of Elijah (A).pdf,Days Of Elijah,Lead Sheet,A,3,40
CCWS_LS_1E,7046448,Death Was Arrested (B).pdf,Death Was Arrested,Lead Sheet,B,4,41
CCWS_LS_1E,7102440,Death Where Is Your Sting (C).pdf,Death Where Is Your Sting,Lead Sheet,C,3,42
CCWS_LS_1E,7067555,Do It Again (A).pdf,Do It Again,Lead Sheet,A,4,43
CCWS_LS_1E,7036288,Even So Come (G).pdf,Even So Come,Lead Sheet,G,4,44
CCWS_LS_1E,7030065,Ever Be (D).pdf,Ever Be,Lead Sheet,D,3,45
CCWS_LS_1E,4556538,Everlasting God (A).pdf,Everlasting God,Lead Sheet,A,3,46
CCWS_LS_1E,5869877,Faithful (F).pdf,Faithful,Lead Sheet,F,4,47
CCWS_LS_1E,3148428,Forever (A).pdf,Forever,Lead Sheet,A,2,48
CCWS_LS_1E,7001228,Forever (We Sing Hallelujah) (A).pdf,Forever (We Sing Hallelujah),Lead Sheet,A,3,49
CCWS_LS_1E,7068806,Forgiven (B).pdf,Forgiven,Lead Sheet,B,4,50
CCWS_LS_1E,4705176,From The Inside Out (C).pdf,From The Inside Out,Lead Sheet,C,3,51
CCWS_LS_1E,7081388,Glorious Day (D).pdf,Glorious Day,Lead Sheet,D,3,52
CCWS_LS_1E,5638022,Glorious Day (Living He Loved Me) (B).pdf,Glorious Day (Living He Loved Me),Lead Sheet,B,4,53
CCWS_LS_1E,5037070,God Of This City (C).pdf,God Of This City,Lead Sheet,C,4,54
CCWS_LS_1E,3118757,God Of Wonders (G).pdf,God Of Wonders,Lead Sheet,G,4,55
CCWS_LS_1E,7036612,Good Good Father (A).pdf,Good Good Father,Lead Sheet,A,3,56
CCWS_LS_1E,7091509,Gracefully Broken (A).pdf,Gracefully Broken,Lead Sheet,A,4,57
CCWS_LS_1E,6460220,Great Are You Lord (A).pdf,Great Are You Lord,Lead Sheet,A,2,58
CCWS_LS_1E,5881491,Great I Am (D).pdf,Great I Am,Lead Sheet,D,3,59
CCWS_LS_1E,18723,Great Is Thy Faithfulness (Beginning To End) (C).pdf,Great Is Thy Faithfulness,Lead Sheet,D,2,60
CCWS_LS_1E,7109317,Great Is Thy Faithfulness (D).pdf,Great Is Thy Faithfulness (Beginning To End),Lead Sheet,C,3,61
CCWS_LS_1E,7107551,Hallelujah For The Cross (D).pdf,Hallelujah For The Cross,Lead Sheet,D,5,62
CCWS_LS_1E,6550556,Hallelujah For The Cross (Up To The Hill) (A).pdf,Hallelujah For The Cross (Up To The Hill),Lead Sheet,A,3,63
CCWS_LS_1E,4026635,He Reigns (G).pdf,He Reigns,Lead Sheet,G,3,64
CCWS_LS_1E,4873981,Healer (B).pdf,Healer,Lead Sheet,B,4,65
CCWS_LS_1E,2296522,"Heart Of Worship, The (D).pdf","Heart Of Worship, The",Lead Sheet,D,2,66
CCWS_LS_1E,7111925,Here Again (C).pdf,Here Again,Lead Sheet,C,3,67
CCWS_LS_1E,5925649,Here For You (G).pdf,Here For You,Lead Sheet,G,3,68
CCWS_LS_1E,3266032,Here I Am To Worship (E).pdf,Here I Am To Worship,Lead Sheet,E,2,69
CCWS_LS_1E,3287884,Here Is Love (G).pdf,Here Is Love,Lead Sheet,G,3,70
CCWS_LS_1E,6129798,Holy (Wedding Day) (A).pdf,Holy (Wedding Day),Lead Sheet,A,3,71
CCWS_LS_1E,1156,Holy Holy Holy (D).pdf,Holy Holy Holy,Lead Sheet,D,1,72
CCWS_LS_1E,21545,Hosanna (G).pdf,Hosanna,Lead Sheet,G,1,73
CCWS_LS_1E,4785835,Hosanna (I See The King Of Glory) (E).pdf,Hosanna (I See The King Of Glory),Lead Sheet,E,3,74
CCWS_LS_1E,4662491,Hosanna (Praise Is Rising) (G).pdf,Hosanna (Praise Is Rising),Lead Sheet,G,4,75
CCWS_LS_1E,1558110,How Deep The Father's Love For Us (D).pdf,How Deep The Father's Love For Us,Lead Sheet,D,1,76
CCWS_LS_1E,107816,How Firm A Foundation (G).pdf,How Firm A Foundation,Lead Sheet,G,1,77
CCWS_LS_1E,4348399,How Great Is Our God (C).pdf,How Great Is Our God,Lead Sheet,C,2,78
CCWS_LS_1E,14181,How Great Thou Art (B).pdf,How Great Thou Art,Lead Sheet,B,2,79
CCWS_LS_1E,2978857,I Can Only Imagine (D).pdf,I Can Only Imagine,Lead Sheet,D,4,80
CCWS_LS_1E,31762,I Know Whom I Have Believed (C).pdf,I Know Whom I Have Believed,Lead Sheet,C,1,81
CCWS_LS_1E,5869884,I Lift My Hands (B).pdf,I Lift My Hands,Lead Sheet,B,4,82
CCWS_LS_1E,25297,I Stand Amazed (G).pdf,I Stand Amazed (My Savior's Love),Lead Sheet,G,1,83
CCWS_LS_1E,23914,I Stand In Awe (A).pdf,I Stand In Awe,Lead Sheet,A,2,84
CCWS_LS_1E,23189,I Surrender All (D).pdf,I Surrender All,Lead Sheet,D,1,85
CCWS_LS_1E,5806878,I Will Follow (A).pdf,I Will Follow,Lead Sheet,A,3,86
CCWS_LS_1E,5183450,I Will Rise (B).pdf,I Will Rise,Lead Sheet,B,4,87
CCWS_LS_1E,7074703,I Will Sing Of My Redeemer (D).pdf,I Will Sing Of My Redeemer,Lead Sheet,D,3,88
CCWS_LS_1E,2328610,I Will Sing The Wondrous Story (F).pdf,I Will Sing The Wondrous Story,Lead Sheet,F,2,89
CCWS_LS_1E,26399,In Christ Alone (D).pdf,In Christ Alone,Lead Sheet,G,1,90
CCWS_LS_1E,3350395,Indescribable (G).pdf,Indescribable,Lead Sheet,D,2,91
CCWS_LS_1E,4403076,It Is Well (Grander Earth) (G).pdf,It Is Well (Grander Earth),Lead Sheet,G,3,92
CCWS_LS_1E,7021972,It Is Well With My Soul (C).pdf,It Is Well With My Soul,Lead Sheet,G,3,93
CCWS_LS_1E,25376,I'll Fly Away (G).pdf,I'll Fly Away,Lead Sheet,C,1,94
CCWS_LS_1E,148576,Jesus I Am Resting (G).pdf,Jesus I Am Resting,Lead Sheet,G,2,95
CCWS_LS_1E,7121850,Jesus Is Alive (C).pdf,Jesus Is Alive,Lead Sheet,C,3,96
CCWS_LS_1E,5183443,Jesus Messiah (B).pdf,Jesus Messiah,Lead Sheet,B,3,97
CCWS_LS_1E,22331,Jesus Paid It All (C).pdf,Jesus Paid It All,Lead Sheet,C,1,98
CCWS_LS_1E,6223539,Jesus Son Of God (B).pdf,Jesus Son Of God,Lead Sheet,B,4,99
CCWS_LS_1E,23206,Just As I Am (C).pdf,Just As I Am,Lead Sheet,C,1,100
CCWS_LS_1E,5635850,Just As I Am (I Come Broken) (A).pdf,Just As I Am (I Come Broken),Lead Sheet,A,2,101
CCWS_LS_1E,7127647,King Of Kings (D).pdf,King Of Kings,Lead Sheet,D,3,102
CCWS_LS_1E,7046145,King Of My Heart (A).pdf,King Of My Heart,Lead Sheet,A,4,103
CCWS_LS_1E,1045238,Knowing You (C).pdf,Knowing You (All I Once Held Dear),Lead Sheet,C,2,104
CCWS_LS_1E,16787,Lamb Of God (C).pdf,Lamb Of God,Lead Sheet,C,2,105
CCWS_LS_1E,6223577,Lay Me Down (C).pdf,Lay Me Down,Lead Sheet,C,4,106
CCWS_LS_1E,4785828,Lead Me To The Cross (D).pdf,Lead Me To The Cross (Quiet I Come),Lead Sheet,D,3,107
CCWS_LS_1E,33935,Like A River Glorious (F).pdf,Like A River Glorious,Lead Sheet,F,1,108
CCWS_LS_1E,7038281,"Lion And The Lamb, The (B).pdf","Lion And The Lamb, The",Lead Sheet,B,3,109
CCWS_LS_1E,7106807,Living Hope (D).pdf,Living Hope,Lead Sheet,D,4,110
CCWS_LS_1E,117947,Lord I Lift Your Name On High (C).pdf,Lord I Lift Your Name On High,Lead Sheet,G,1,111
CCWS_LS_1E,5925687,Lord I Need You (B).pdf,Lord I Need You,Lead Sheet,B,4,112
CCWS_LS_1E,7063694,"Lord Is My Salvation, The (A).pdf","Lord Is My Salvation, The",Lead Sheet,A,4,113
CCWS_LS_1E,6518055,"Lord Our God, The (C).pdf","Lord Our God, The",Lead Sheet,C,2,114
CCWS_LS_1E,18448,"Love Of God, The (D).pdf","Love Of God, The",Lead Sheet,D,2,115
CCWS_LS_1E,1527,Majesty (A).pdf,Majesty,Lead Sheet,A,2,116
CCWS_LS_1E,4219071,Majesty (Here I Am) (A).pdf,Majesty (Here I Am),Lead Sheet,A,2,117
CCWS_LS_1E,6476063,Man Of Sorrows (F).pdf,Man Of Sorrows,Lead Sheet,F,3,118
CCWS_LS_1E,7000689,Mercy (C).pdf,Mercy,Lead Sheet,C,3,119
CCWS_LS_1E,4591782,Mighty To Save (A).pdf,Mighty To Save,Lead Sheet,A,4,120
CCWS_LS_1E,24133,Mine Eyes Have Seen The Glory (Battle Hymn) (G).pdf,Mine Eyes Have Seen The Glory (Battle Hymn),Lead Sheet,G,2,121
CCWS_LS_1E,6428853,Mountain (D).pdf,Mountain,Lead Sheet,D,4,122
CCWS_LS_1E,7065990,Mountain (You're Wonderful) (B).pdf,Mountain (You're Wonderful),Lead Sheet,B,3,123
CCWS_LS_1E,7002032,My Lighthouse (C).pdf,My Lighthouse,Lead Sheet,C,3,124
CCWS_LS_1E,2397964,My Redeemer Lives (E).pdf,My Redeemer Lives,Lead Sheet,E,2,125
CCWS_LS_1E,78835,Nearer My God To Thee (F).pdf,Nearer My God To Thee,Lead Sheet,F,2,126
CCWS_LS_1E,7102397,New Wine (A).pdf,New Wine,Lead Sheet,A,4,127
CCWS_LS_1E,7030123,No Longer Slaves (A).pdf,No Longer Slaves,Lead Sheet,A,3,128
CCWS_LS_1E,4611992,O Church Arise (D).pdf,O Church Arise,Lead Sheet,D,2,129
CCWS_LS_1E,7051511,O Come To The Altar (B).pdf,O Come To The Altar,Lead Sheet,B,4,130
CCWS_LS_1E,7037787,O Praise The Name (C).pdf,O Praise The Name,Lead Sheet,C,3,131
CCWS_LS_1E,137178,O The Deep Deep Love Of Jesus (Em).pdf,O The Deep Deep Love Of Jesus,Lead Sheet,Em,2,132
CCWS_LS_1E,6428767,Oceans (D).pdf,Oceans (Where Feet May Fail),Lead Sheet,D,4,133
CCWS_LS_1E,7044259,Oh What Love (D).pdf,Oh What Love,Lead Sheet,D,3,134
CCWS_LS_1E,1564362,Once Again (D).pdf,Once Again,Lead Sheet,D,2,135
CCWS_LS_1E,5508444,One Thing Remains (Your Love Never Fails) (G).pdf,One Thing Remains (Your Love Never Fails),Lead Sheet,G,3,136
CCWS_LS_1E,47017,Onward Christian Soldiers (F).pdf,Onward Christian Soldiers,Lead Sheet,F,2,137
CCWS_LS_1E,2298355,Open The Eyes Of My Heart (E).pdf,Open The Eyes Of My Heart,Lead Sheet,E,2,138
CCWS_LS_1E,5677416,Our God (B).pdf,Our God (Water You Turned Into Wine),Lead Sheet,B,5,139
CCWS_LS_1E,4490766,"Power Of The Cross, The (A).pdf","Power Of The Cross, The",Lead Sheet,A,2,140
CCWS_LS_1E,917491,"Power Of Your Love, The (A).pdf","Power Of Your Love, The",Lead Sheet,A,2,141
CCWS_LS_1E,4543620,Praise You In This Storm (F).pdf,Praise You In This Storm,Lead Sheet,F,4,142
CCWS_LS_1E,7089641,Reckless Love (F).pdf,Reckless Love,Lead Sheet,F,4,143
CCWS_LS_1E,7051507,Resurrecting (C).pdf,Resurrecting,Lead Sheet,C,3,144
CCWS_LS_1E,4447960,Revelation Song (D).pdf,Revelation Song,Lead Sheet,D,3,145
CCWS_LS_1E,5875153,Rooftops (E).pdf,Rooftops,Lead Sheet,E,3,146
CCWS_LS_1E,6428750,Scandal Of Grace (C).pdf,Scandal Of Grace,Lead Sheet,C,2,147
CCWS_LS_1E,1352,Seek Ye First (C).pdf,Seek Ye First,Lead Sheet,C,1,148
CCWS_LS_1E,1406918,Shout To The Lord (A).pdf,Shout To The Lord,Lead Sheet,A,2,149
CCWS_LS_1E,7084123,So Will I (100 Billion X) (A).pdf,So Will I (100 Billion X),Lead Sheet,A,5,150
CCWS_LS_1E,25417,"Solid Rock, The (F).pdf","Solid Rock, The",Lead Sheet,F,1,151
CCWS_LS_1E,4705248,"Stand, The (A).pdf","Stand, The",Lead Sheet,A,2,152
CCWS_LS_1E,3940963,Still (C).pdf,Still (Hide Me Now),Lead Sheet,C,2,153
CCWS_LS_1E,5060810,Stronger (C).pdf,Stronger,Lead Sheet,C,3,154
CCWS_LS_1E,4514635,Sweetly Broken (B).pdf,Sweetly Broken,Lead Sheet,B,4,155
CCWS_LS_1E,1390,Take My Life And Let It Be (F).pdf,Take My Life And Let It Be,Lead Sheet,F,1,156
CCWS_LS_1E,27707,There Is A Fountain (A).pdf,There Is A Fountain,Lead Sheet,A,2,157
CCWS_LS_1E,11483,There Is A Redeemer (D).pdf,There Is A Redeemer,Lead Sheet,D,1,158
CCWS_LS_1E,6333821,This Is Amazing Grace (G).pdf,This Is Amazing Grace,Lead Sheet,G,5,159
CCWS_LS_1E,6167640,This Is My Father's World (D).pdf,This Is My Father's World,Lead Sheet,D,4,160
CCWS_LS_1E,22609,Tis So Sweet To Trust In Jesus (G).pdf,Tis So Sweet To Trust In Jesus,Lead Sheet,G,1,161
CCWS_LS_1E,23426,To God Be The Glory (G).pdf,To God Be The Glory,Lead Sheet,G,2,162
CCWS_LS_1E,7065049,Tremble (C).pdf,Tremble,Lead Sheet,C,2,163
CCWS_LS_1E,22094,Trust And Obey (F).pdf,Trust And Obey,Lead Sheet,F,1,164
CCWS_LS_1E,6454621,Victor's Crown (C).pdf,Victor's Crown,Lead Sheet,C,5,165
CCWS_LS_1E,1259,Victory In Jesus (G).pdf,Victory In Jesus (I Heard An Old Old Story),Lead Sheet,G,2,166
CCWS_LS_1E,7115744,Way Maker (E).pdf,Way Maker,Lead Sheet,E,4,167
CCWS_LS_1E,6367165,We Believe (D).pdf,We Believe,Lead Sheet,D,4,168
CCWS_LS_1E,7068424,What A Beautiful Name (D).pdf,What A Beautiful Name,Lead Sheet,D,3,169
CCWS_LS_1E,27714,What A Friend We Have In Jesus (F).pdf,What A Friend We Have In Jesus,Lead Sheet,F,1,170
CCWS_LS_1E,27893,When I Survey The Wondrous Cross (F).pdf,When I Survey The Wondrous Cross,Lead Sheet,F,1,171
CCWS_LS_1E,31315,When The Roll Is Called Up Yonder (G).pdf,When The Roll Is Called Up Yonder,Lead Sheet,G,1,172
CCWS_LS_1E,4196651,Who Am I (B).pdf,Who Am I,Lead Sheet,B,4,173
CCWS_LS_1E,7102401,Who You Say I Am (A).pdf,Who You Say I Am,Lead Sheet,A,3,174
CCWS_LS_1E,6440288,Whom Shall I Fear (God Of Angel Armies) (C).pdf,Whom Shall I Fear (God Of Angel Armies),Lead Sheet,C,3,175
CCWS_LS_1E,3148435,"Wonderful Cross, The (D).pdf","Wonderful Cross, The",Lead Sheet,D,2,176
CCWS_LS_1E,106879,Wonderful Merciful Savior (C).pdf,Wonderful Merciful Savior,Lead Sheet,C,2,177
CCWS_LS_1E,7121852,Yet Not I But Through Christ In Me (C).pdf,Yet Not I But Through Christ In Me,Lead Sheet,C,2,178
CCWS_LS_1E,4243463,You Are God Alone (Not A God) (A).pdf,You Are God Alone (Not A God),Lead Sheet,A,3,179
CCWS_LS_1E,2332149,You Are Holy (Prince Of Peace) (G).pdf,You Are Holy (Prince Of Piece),Lead Sheet,G,4,180
CCWS_LS_1E,825356,You Are My All In All (F).pdf,You Are My All In All,Lead Sheet,F,1,181
CCWS_LS_1E,2456623,You Are My King (Amazing Love) (E).pdf,You Are My King (Amazing Love),Lead Sheet,E,2,182
CCWS_LS_1E,4477026,Your Grace Is Enough (G).pdf,Your Grace Is Enough,Lead Sheet,G,3,183
CCWS_LS_1E,5393329,Your Great Name (C).pdf,Your Great Name,Lead Sheet,C,4,184
CCWS_LS_1E,5337172,Your Love Never Fails (A).pdf,Your Love Never Fails,Lead Sheet,A,4,185
CCWS_LS_1E,6214751,Your Presence Is Heaven (D).pdf,Your Presence Is Heaven,Lead Sheet,D,2,186
CCWS_LS_1E_XMAS,31669,Angels From The Realms Of Glory (A).pdf,Angels From The Realms Of Glory,Lead Sheet,A,1,1
CCWS_LS_1E_XMAS,27721,Angels We Have Heard On High (F).pdf,Angels We Have Heard On High,Lead Sheet,F,1,2
CCWS_LS_1E_XMAS,38583,Away In A Manger (F).pdf,Away In A Manger,Lead Sheet,F,1,3
CCWS_LS_1E_XMAS,31999,Come Thou Long Expected Jesus (F).pdf,Come Thou Long Expected Jesus,Lead Sheet,F,1,4
CCWS_LS_1E_XMAS,29080,Go Tell It On The Mountain (F).pdf,Go Tell It On The Mountain,Lead Sheet,F,1,5
CCWS_LS_1E_XMAS,39441,God Rest Ye Merry Gentlemen (Em).pdf,God Rest Ye Merry Gentlemen,Lead Sheet,Em,3,6
CCWS_LS_1E_XMAS,85158,Good Christian Men Rejoice (F).pdf,Good Christian Men Rejoice,Lead Sheet,F,1,7
CCWS_LS_1E_XMAS,27738,Hark The Herald Angels Sing (F).pdf,Hark The Herald Angels Sing,Lead Sheet,F,2,8
CCWS_LS_1E_XMAS,31078,It Came Upon The Midnight Clear (G).pdf,It Came Upon The Midnight Clear,Lead Sheet,G,1,9
CCWS_LS_1E_XMAS,24016,Joy To The World (D).pdf,Joy To The World,Lead Sheet,D,1,10
CCWS_LS_1E_XMAS,839225,Mary Did You Know (Cm).pdf,Mary Did You Know,Lead Sheet,Cm,3,11
CCWS_LS_1E_XMAS,31054,O Come All Ye Faithful (G).pdf,O Come All Ye Faithful,Lead Sheet,G,1,12
CCWS_LS_1E_XMAS,31982,O Come O Come Emmanuel (Em).pdf,O Come O Come Emmanuel,Lead Sheet,Em,1,13
CCWS_LS_1E_XMAS,32015,O Holy Night (C).pdf,O Holy Night,Lead Sheet,C,2,14
CCWS_LS_1E_XMAS,27879,O Little Town Of Bethlehem (F).pdf,O Little Town Of Bethlehem,Lead Sheet,F,1,15
CCWS_LS_1E_XMAS,27862,Silent Night (A).pdf,Silent Night,Lead Sheet,A,1,16
CCWS_LS_1E_XMAS,31047,The First Noel (D).pdf,The First Noel,Lead Sheet,D,2,17
CCWS_LS_1E_XMAS,38002,We Three Kings Of Orient Are (G).pdf,We Three Kings,Lead Sheet,G,1,18
CCWS_LS_1E_XMAS,30983,What Child Is This (G).pdf,What Child Is This,Lead Sheet,G,1,19
CCWS_LS_1E_XMAS,32008,While Shepherds Watched Their Flocks (C).pdf,While Shepherds Watched,Lead Sheet,C,1,20
